strategy,buffer_scenario,buffer_fraction,cost_scenario,fee_multiplier,return_on_notional,return_on_capital_employed,capital_employed_usdt_per_100_notional,funding_received_paid_return,funding_received_paid_usdt_per_100_notional,execution_hedge_return,execution_hedge_usdt_per_100_notional,actual_fee_return,spread_slippage_proxy_return,cost_return,cost_usdt_per_100_notional,max_drawdown,worst_margin_balance_usdt,worst_maintenance_to_equity,margin_violation_count,first_violation_observed_at_utc,effective_exposure,turnover_events,analysis_window_start_utc,analysis_window_end_utc_exclusive,mark_price_change_over_window,worst_adverse_short_excursion,policy_breach_rise_from_entry
always_on,buffer_25pct,0.25,fee_only,1.0,-0.0026997314644314763,-0.002159785171545181,125.0,0.00329499,0.329499,-0.0025252891528459998,-0.2525289152846,0.0034641152278621712,0.0,0.0034641152278621712,0.3464115227862171,-0.004449597370021707,1.6211602607269293,3.815425955599299,1,2023-10-23 23:00:00+00:00,0.06820436507936507,2.0,2023-10-01 00:00:00+00:00,2024-09-01 00:00:00+00:00,1.187144526684846,1.7326959393028734,0.19047619047619047
always_on,buffer_25pct,0.25,base,1.5,-0.0044293442191637444,-0.0035434753753309954,125.0,0.00329499,0.329499,-0.0025252891528459998,-0.2525289152846,0.0034641152278621712,0.0017320576139310856,0.005196172841793257,0.5196172841793257,-0.005404361192438145,1.6211602607269293,3.815425955599299,1,2023-10-23 23:00:00+00:00,0.06820436507936507,2.0,2023-10-01 00:00:00+00:00,2024-09-01 00:00:00+00:00,1.187144526684846,1.7326959393028734,0.19047619047619047
always_on,buffer_25pct,0.25,stress,3.0,-0.00960927600392758,-0.0076874208031420645,125.0,0.00329499,0.329499,-0.0025252891528459998,-0.2525289152846,0.0034641152278621712,0.0069282304557243424,0.010392345683586515,1.0392345683586515,-0.00960927600392758,1.6211602607269293,3.815425955599299,1,2023-10-23 23:00:00+00:00,0.06820436507936507,2.0,2023-10-01 00:00:00+00:00,2024-09-01 00:00:00+00:00,1.187144526684846,1.7326959393028734,0.19047619047619047
always_on,buffer_50pct,0.5,fee_only,1.0,0.013921936200991913,0.009281290800661276,150.0,0.018917510000000005,1.8917510000000006,-0.0012512737786968264,-0.12512737786968264,0.003813863282697295,0.0,0.003813863282697295,0.3813863282697295,-0.002569060126517253,5.722492571367683,1.2771467730686603,1,2023-12-02 20:00:00+00:00,0.18687996031746032,2.0,2023-10-01 00:00:00+00:00,2024-09-01 00:00:00+00:00,1.187144526684846,1.7326959393028734,0.42857142857142855
always_on,buffer_50pct,0.5,base,1.5,0.011985582907271697,0.007990388604847798,150.0,0.018917510000000005,1.8917510000000006,-0.0012512737786968264,-0.12512737786968264,0.003813863282697295,0.0019069316413486475,0.005720794924045943,0.5720794924045942,-0.0037007833429634207,5.722492571367683,1.2771467730686603,1,2023-12-02 20:00:00+00:00,0.18687996031746032,2.0,2023-10-01 00:00:00+00:00,2024-09-01 00:00:00+00:00,1.187144526684846,1.7326959393028734,0.42857142857142855
always_on,buffer_50pct,0.5,stress,3.0,0.006187235982554551,0.004124823988369701,150.0,0.018917510000000005,1.8917510000000006,-0.0012512737786968264,-0.12512737786968264,0.003813863282697295,0.00762772656539459,0.011441589848091885,1.1441589848091884,-0.007095952992302035,5.722492571367683,1.2771467730686603,1,2023-12-02 20:00:00+00:00,0.18687996031746032,2.0,2023-10-01 00:00:00+00:00,2024-09-01 00:00:00+00:00,1.187144526684846,1.7326959393028734,0.42857142857142855
always_on,buffer_100pct,1.0,fee_only,1.0,0.04997647085764312,0.02498823542882156,200.0,0.05554227000000002,5.554227000000002,-0.00212982189583788,-0.212982189583788,0.004585162282326788,0.0,0.004585162282326788,0.4585162282326788,-0.003641019155230296,9.508372274590826,1.0309117536831276,1,2024-02-20 14:00:00+00:00,0.4242311507936508,2.0,2023-10-01 00:00:00+00:00,2024-09-01 00:00:00+00:00,1.187144526684846,1.7326959393028734,0.9047619047619048
always_on,buffer_100pct,1.0,base,1.5,0.04756450030631165,0.023782250153155826,200.0,0.05554227000000002,5.554227000000002,-0.00212982189583788,-0.212982189583788,0.004585162282326788,0.002292581141163394,0.0068777434234901826,0.6877743423490182,-0.005157815946191691,9.508372274590826,1.0309117536831276,1,2024-02-20 14:00:00+00:00,0.4242311507936508,2.0,2023-10-01 00:00:00+00:00,2024-09-01 00:00:00+00:00,1.187144526684846,1.7326959393028734,0.9047619047619048
always_on,buffer_100pct,1.0,stress,3.0,0.04034347329999988,0.02017173664999994,200.0,0.05554227000000002,5.554227000000002,-0.00212982189583788,-0.212982189583788,0.004585162282326788,0.009170324564653576,0.013755486846980365,1.3755486846980365,-0.009708206319076318,9.508372274590826,1.0309117536831276,1,2024-02-20 14:00:00+00:00,0.4242311507936508,2.0,2023-10-01 00:00:00+00:00,2024-09-01 00:00:00+00:00,1.187144526684846,1.7326959393028734,0.9047619047619048
positive_last_settled_funding,buffer_25pct,0.25,fee_only,1.0,-0.022582707896085852,-0.018066166316868682,125.0,0.00556685,0.556685,-0.0030910312558904973,-0.30910312558904973,0.025286954569721805,0.0,0.025286954569721805,2.5286954569721805,-0.02305007393603331,4.94528123679079,1.2171958681295743,1,2023-11-01 21:00:00+00:00,0.0818452380952381,16.0,2023-10-01 00:00:00+00:00,2024-09-01 00:00:00+00:00,1.187144526684846,1.7326959393028734,0.19047619047619047
positive_last_settled_funding,buffer_25pct,0.25,base,1.5,-0.03488688940578666,-0.027909511524629328,125.0,0.00556685,0.556685,-0.0030910312558904973,-0.30910312558904973,0.025286954569721805,0.012643477284860902,0.03793043185458271,3.793043185458271,-0.03488688940578666,4.94528123679079,1.2171958681295743,1,2023-11-01 21:00:00+00:00,0.0818452380952381,16.0,2023-10-01 00:00:00+00:00,2024-09-01 00:00:00+00:00,1.187144526684846,1.7326959393028734,0.19047619047619047
positive_last_settled_funding,buffer_25pct,0.25,stress,3.0,-0.07093401117358489,-0.05674720893886791,125.0,0.00556685,0.556685,-0.0030910312558904973,-0.30910312558904973,0.025286954569721805,0.05057390913944361,0.07586086370916542,7.586086370916542,-0.07093401117358489,4.94528123679079,1.2171958681295743,1,2023-11-01 21:00:00+00:00,0.0818452380952381,16.0,2023-10-01 00:00:00+00:00,2024-09-01 00:00:00+00:00,1.187144526684846,1.7326959393028734,0.19047619047619047
positive_last_settled_funding,buffer_50pct,0.5,fee_only,1.0,-0.007559891511311867,-0.005039927674207911,150.0,0.019578610000000003,1.9578610000000003,-0.0014537037555173438,-0.14537037555173438,0.02566932322676968,0.0,0.02566932322676968,2.5669323226769682,-0.02305007393603331,6.816847366042509,1.0629336396458624,1,2023-12-05 17:00:00+00:00,0.18253968253968253,16.0,2023-10-01 00:00:00+00:00,2024-09-01 00:00:00+00:00,1.187144526684846,1.7326959393028734,0.42857142857142855
positive_last_settled_funding,buffer_50pct,0.5,base,1.5,-0.02024148544095894,-0.01349432362730596,150.0,0.019578610000000003,1.9578610000000003,-0.0014537037555173438,-0.14537037555173438,0.02566932322676968,0.01283466161338484,0.03850398484015452,3.850398484015452,-0.034447322278478576,6.816847366042509,1.0629336396458624,1,2023-12-05 17:00:00+00:00,0.18253968253968253,16.0,2023-10-01 00:00:00+00:00,2024-09-01 00:00:00+00:00,1.187144526684846,1.7326959393028734,0.42857142857142855
positive_last_settled_funding,buffer_50pct,0.5,stress,3.0,-0.057381448602303764,-0.03825429906820251,150.0,0.019578610000000003,1.9578610000000003,-0.0014537037555173438,-0.14537037555173438,0.02566932322676968,0.05133864645353936,0.07700796968030904,7.700796968030904,-0.0678989259489996,6.816847366042509,1.0629336396458624,1,2023-12-05 17:00:00+00:00,0.18253968253968253,16.0,2023-10-01 00:00:00+00:00,2024-09-01 00:00:00+00:00,1.187144526684846,1.7326959393028734,0.42857142857142855
positive_last_settled_funding,buffer_100pct,1.0,fee_only,1.0,-0.05571261633451052,-0.02785630816725526,200.0,0.11733171,11.733171,-0.0024003858293166758,-0.24003858293166758,0.17201730982264146,0.0,0.17201730982264146,17.201730982264145,-0.11897049735128562,39.30327490823499,0.20967959219249543,0,,0.9046378968253969,110.0,2023-10-01 00:00:00+00:00,2024-09-01 00:00:00+00:00,1.187144526684846,1.7326959393028734,0.9047619047619048
positive_last_settled_funding,buffer_100pct,1.0,base,1.5,-0.13368198111453578,-0.06684099055726789,200.0,0.11733171,11.733171,-0.0024003858293166758,-0.24003858293166758,0.17201730982264146,0.08600865491132073,0.25802596473396217,25.802596473396218,-0.18053391130148166,39.30327490823499,0.20967959219249543,0,,0.9046378968253969,110.0,2023-10-01 00:00:00+00:00,2024-09-01 00:00:00+00:00,1.187144526684846,1.7326959393028734,0.9047619047619048
positive_last_settled_funding,buffer_100pct,1.0,stress,3.0,-0.3313178612881498,-0.1656589306440749,200.0,0.11733171,11.733171,-0.0024003858293166758,-0.24003858293166758,0.17201730982264146,0.3440346196452829,0.5160519294679243,51.605192946792435,-0.340818552833988,39.30327490823499,0.20967959219249543,0,,0.9046378968253969,110.0,2023-10-01 00:00:00+00:00,2024-09-01 00:00:00+00:00,1.187144526684846,1.7326959393028734,0.9047619047619048
funding_above_threshold,buffer_25pct,0.25,fee_only,1.0,-0.02136073346606493,-0.017088586772851945,125.0,0.00805467,0.8054669999999999,-0.001252092070227584,-0.1252092070227584,0.028359968854104908,0.0,0.028359968854104908,2.835996885410491,-0.025966345298666926,4.710225724378455,1.2830691706560544,1,2023-11-09 03:00:00+00:00,0.08854166666666667,18.0,2023-10-01 00:00:00+00:00,2024-09-01 00:00:00+00:00,1.187144526684846,1.7326959393028734,0.19047619047619047
funding_above_threshold,buffer_25pct,0.25,base,1.5,-0.03516669509158954,-0.02813335607327163,125.0,0.00805467,0.8054669999999999,-0.001252092070227584,-0.1252092070227584,0.028359968854104908,0.014179984427052454,0.04253995328115737,4.253995328115737,-0.03880608303919997,4.710225724378455,1.2830691706560544,1,2023-11-09 03:00:00+00:00,0.08854166666666667,18.0,2023-10-01 00:00:00+00:00,2024-09-01 00:00:00+00:00,1.187144526684846,1.7326959393028734,0.19047619047619047
funding_above_threshold,buffer_25pct,0.25,stress,3.0,-0.07548940573798923,-0.06039152459039139,125.0,0.00805467,0.8054669999999999,-0.001252092070227584,-0.1252092070227584,0.028359968854104908,0.056719937708209815,0.08507990656231473,8.507990656231474,-0.07637618456284445,4.710225724378455,1.2830691706560544,1,2023-11-09 03:00:00+00:00,0.08854166666666667,18.0,2023-10-01 00:00:00+00:00,2024-09-01 00:00:00+00:00,1.187144526684846,1.7326959393028734,0.19047619047619047
funding_above_threshold,buffer_50pct,0.5,fee_only,1.0,-0.01087390776794006,-0.007249271845293374,150.0,0.019258310000000004,1.9258310000000005,-0.001408233639351275,-0.1408233639351275,0.028738017051548152,0.0,0.028738017051548152,2.8738017051548153,-0.025966345298666926,6.416459885307162,1.1321276896577832,1,2023-12-05 19:00:00+00:00,0.16790674603174602,18.0,2023-10-01 00:00:00+00:00,2024-09-01 00:00:00+00:00,1.187144526684846,1.7326959393028734,0.42857142857142855
funding_above_threshold,buffer_50pct,0.5,base,1.5,-0.025013077084899416,-0.016675384723266278,150.0,0.019258310000000004,1.9258310000000005,-0.001408233639351275,-0.1408233639351275,0.028738017051548152,0.014369008525774076,0.04310702557732223,4.310702557732223,-0.03880608303919997,6.416459885307162,1.1321276896577832,1,2023-12-05 19:00:00+00:00,0.16790674603174602,18.0,2023-10-01 00:00:00+00:00,2024-09-01 00:00:00+00:00,1.187144526684846,1.7326959393028734,0.42857142857142855
funding_above_threshold,buffer_50pct,0.5,stress,3.0,-0.06629470918732139,-0.04419647279154759,150.0,0.019258310000000004,1.9258310000000005,-0.001408233639351275,-0.1408233639351275,0.028738017051548152,0.057476034103096305,0.08621405115464446,8.621405115464446,-0.07637618456284445,6.416459885307162,1.1321276896577832,1,2023-12-05 19:00:00+00:00,0.16790674603174602,18.0,2023-10-01 00:00:00+00:00,2024-09-01 00:00:00+00:00,1.187144526684846,1.7326959393028734,0.42857142857142855
funding_above_threshold,buffer_100pct,1.0,fee_only,1.0,-0.12122899960045308,-0.06061449980022654,200.0,0.11241978000000001,11.241978000000001,-0.0011126911465771938,-0.11126911465771938,0.24025385772983135,0.0,0.24025385772983135,24.025385772983135,-0.16993871818561834,42.672731854964866,0.189137128241128,0,,0.7816220238095238,154.0,2023-10-01 00:00:00+00:00,2024-09-01 00:00:00+00:00,1.187144526684846,1.7326959393028734,0.9047619047619048
funding_above_threshold,buffer_100pct,1.0,base,1.5,-0.22088251419825444,-0.11044125709912722,200.0,0.11241978000000001,11.241978000000001,-0.0011126911465771938,-0.11126911465771938,0.24025385772983135,0.12012692886491567,0.360380786594747,36.0380786594747,-0.24931155921443626,42.672731854964866,0.189137128241128,0,,0.7816220238095238,154.0,2023-10-01 00:00:00+00:00,2024-09-01 00:00:00+00:00,1.187144526684846,1.7326959393028734,0.9047619047619048
funding_above_threshold,buffer_100pct,1.0,stress,3.0,-0.45732657271770416,-0.22866328635885208,200.0,0.11241978000000001,11.241978000000001,-0.0011126911465771938,-0.11126911465771938,0.24025385772983135,0.4805077154596627,0.720761573189494,72.0761573189494,-0.45732657271770416,42.672731854964866,0.189137128241128,0,,0.7816220238095238,154.0,2023-10-01 00:00:00+00:00,2024-09-01 00:00:00+00:00,1.187144526684846,1.7326959393028734,0.9047619047619048
positive_funding_low_vol_or_basis,buffer_25pct,0.25,fee_only,1.0,0.0031045591237897074,0.0024836472990317658,125.0,0.04102729000000001,4.102729000000001,-3.1918788623297445e-07,-3.1918788623297445e-05,0.0378624436899492,0.0,0.0378624436899492,3.78624436899492,-0.027812429822398066,5.86025293960396,1.0373288261906706,1,2024-01-08 22:00:00+00:00,0.2516121031746032,24.0,2023-10-01 00:00:00+00:00,2024-09-01 00:00:00+00:00,1.187144526684846,1.7326959393028734,0.19047619047619047
positive_funding_low_vol_or_basis,buffer_25pct,0.25,base,1.5,-0.015743900524130106,-0.012595120419304084,125.0,0.04102729000000001,4.102729000000001,-3.1918788623297445e-07,-3.1918788623297445e-05,0.0378624436899492,0.0189312218449746,0.05679366553492379,5.679366553492379,-0.04209504219837468,5.86025293960396,1.0373288261906706,1,2024-01-08 22:00:00+00:00,0.2516121031746032,24.0,2023-10-01 00:00:00+00:00,2024-09-01 00:00:00+00:00,1.187144526684846,1.7326959393028734,0.19047619047619047
positive_funding_low_vol_or_basis,buffer_25pct,0.25,stress,3.0,-0.07027477619721956,-0.05621982095777565,125.0,0.04102729000000001,4.102729000000001,-3.1918788623297445e-07,-3.1918788623297445e-05,0.0378624436899492,0.0757248873798984,0.11358733106984759,11.358733106984758,-0.08789965233880459,5.86025293960396,1.0373288261906706,1,2024-01-08 22:00:00+00:00,0.2516121031746032,24.0,2023-10-01 00:00:00+00:00,2024-09-01 00:00:00+00:00,1.187144526684846,1.7326959393028734,0.19047619047619047
positive_funding_low_vol_or_basis,buffer_50pct,0.5,fee_only,1.0,-0.0904598256421707,-0.0603065504281138,150.0,0.10425267,10.425267,0.000615976285352704,0.0615976285352704,0.19944325698326515,0.0,0.19944325698326515,19.944325698326516,-0.10685465167450525,9.11971145311659,0.7863104511813873,0,,0.6666666666666666,128.0,2023-10-01 00:00:00+00:00,2024-09-01 00:00:00+00:00,1.187144526684846,1.7326959393028734,0.42857142857142855
positive_funding_low_vol_or_basis,buffer_50pct,0.5,base,1.5,-0.17694599089355934,-0.11796399392903956,150.0,0.10425267,10.425267,0.000615976285352704,0.0615976285352704,0.19944325698326515,0.09972162849163257,0.2991648854748977,29.916488547489774,-0.17694599089355934,9.11971145311659,0.7863104511813873,0,,0.6666666666666666,128.0,2023-10-01 00:00:00+00:00,2024-09-01 00:00:00+00:00,1.187144526684846,1.7326959393028734,0.42857142857142855
positive_funding_low_vol_or_basis,buffer_50pct,0.5,stress,3.0,-0.39040157438068,-0.2602677162537867,150.0,0.10425267,10.425267,0.000615976285352704,0.0615976285352704,0.19944325698326515,0.3988865139665303,0.5983297709497954,59.83297709497955,-0.39040157438068,9.11971145311659,0.7863104511813873,0,,0.6666666666666666,128.0,2023-10-01 00:00:00+00:00,2024-09-01 00:00:00+00:00,1.187144526684846,1.7326959393028734,0.42857142857142855
positive_funding_low_vol_or_basis,buffer_100pct,1.0,fee_only,1.0,-0.0904598256421707,-0.04522991282108535,200.0,0.10425267,10.425267,0.000615976285352704,0.0615976285352704,0.19944325698326515,0.0,0.19944325698326515,19.944325698326516,-0.10685465167450525,59.119711453116594,0.12129498353575174,0,,0.6666666666666666,128.0,2023-10-01 00:00:00+00:00,2024-09-01 00:00:00+00:00,1.187144526684846,1.7326959393028734,0.9047619047619048
positive_funding_low_vol_or_basis,buffer_100pct,1.0,base,1.5,-0.17694599089355934,-0.08847299544677967,200.0,0.10425267,10.425267,0.000615976285352704,0.0615976285352704,0.19944325698326515,0.09972162849163257,0.2991648854748977,29.916488547489774,-0.17694599089355934,59.119711453116594,0.12129498353575174,0,,0.6666666666666666,128.0,2023-10-01 00:00:00+00:00,2024-09-01 00:00:00+00:00,1.187144526684846,1.7326959393028734,0.9047619047619048
positive_funding_low_vol_or_basis,buffer_100pct,1.0,stress,3.0,-0.39040157438068,-0.19520078719034,200.0,0.10425267,10.425267,0.000615976285352704,0.0615976285352704,0.19944325698326515,0.3988865139665303,0.5983297709497954,59.83297709497955,-0.39040157438068,59.119711453116594,0.12129498353575174,0,,0.6666666666666666,128.0,2023-10-01 00:00:00+00:00,2024-09-01 00:00:00+00:00,1.187144526684846,1.7326959393028734,0.9047619047619048
